"Status","Start Time","Stop Time","Duration in ms","Parent Suite","Suite","Sub Suite","Test Class","Test Method","Name","Description"
"passed","Wed Nov 10 11:13:21 UTC 2021","Wed Nov 10 11:13:21 UTC 2021","4","","org.entando.kubernetes.controller.support.common.EntandoImageResolverTest","","org.entando.kubernetes.controller.support.common.EntandoImageResolverTest","testResolutionFromRelatedImageProperty","[3] related.image.test-entando.test-image",""
"passed","Wed Nov 10 11:11:24 UTC 2021","Wed Nov 10 11:11:30 UTC 2021","5525","","org.entando.kubernetes.controller.support.client.impl.DefaultSecretClientTest","","org.entando.kubernetes.controller.support.client.impl.DefaultSecretClientTest","shouldOverwriteControllerConfigMap","shouldOverwriteControllerConfigMap()",""
"passed","Wed Nov 10 11:13:21 UTC 2021","Wed Nov 10 11:13:21 UTC 2021","22","","org.entando.kubernetes.controller.support.common.EntandoImageResolverTest","","org.entando.kubernetes.controller.support.common.EntandoImageResolverTest","testResolutionFromRelatedImageProperty","[1] related.image.test-image",""
"passed","Wed Nov 10 11:13:21 UTC 2021","Wed Nov 10 11:13:21 UTC 2021","7","","org.entando.kubernetes.controller.spi.common.ExceptionUtilsTest","","org.entando.kubernetes.controller.spi.common.ExceptionUtilsTest","testWithKubernetesClientExceptionToFailure","testWithKubernetesClientExceptionToFailure()",""
"passed","Wed Nov 10 11:13:33 UTC 2021","Wed Nov 10 11:13:33 UTC 2021","310","","org.entando.kubernetes.controller.AdvancedCapabilityProvisionTest","","org.entando.kubernetes.controller.AdvancedCapabilityProvisionTest","shouldResolvePreviouslyCreatedNamespaceScopedCapability","shouldResolvePreviouslyCreatedNamespaceScopedCapability()","Should provide a previously created Capability in the same namespace"
"passed","Wed Nov 10 11:11:59 UTC 2021","Wed Nov 10 11:12:04 UTC 2021","5410","","org.entando.kubernetes.controller.support.client.impl.DefaultServiceAccountClientTest","","org.entando.kubernetes.controller.support.client.impl.DefaultServiceAccountClientTest","shouldFindPreviouslyCreatedServiceAccount","shouldFindPreviouslyCreatedServiceAccount()",""
"skipped","Wed Nov 10 11:00:31 UTC 2021","Wed Nov 10 11:00:31 UTC 2021","0","","org.entando.kubernetes.controller.support.client.impl.DefaultCapabilityClientTest","","org.entando.kubernetes.controller.support.client.impl.DefaultCapabilityClientTest","shouldThrowTimeoutException","shouldThrowTimeoutException()","Should throw a TimeoutException when a providedCapability does not enter a completionPhase within the time specified"
"passed","Wed Nov 10 11:13:21 UTC 2021","Wed Nov 10 11:13:21 UTC 2021","1","","org.entando.kubernetes.controller.support.common.EntandoImageResolverTest","","org.entando.kubernetes.controller.support.common.EntandoImageResolverTest","testInvalidImageUris","[3] registry.hub.docker.com:50/lib/ra/ry/mysql",""
"skipped","Wed Nov 10 11:13:31 UTC 2021","Wed Nov 10 11:13:31 UTC 2021","0","","org.entando.kubernetes.controller.MinimalDeploymentTest","","org.entando.kubernetes.controller.MinimalDeploymentTest","minimalDeploymentThatFailsOnStatusUpdate","minimalDeploymentThatFailsOnStatusUpdate()","Should track failures even when a status update on the EntandoCustomResource itself failed (Unlikely but possible)"
"broken","Wed Nov 10 11:00:08 UTC 2021","Wed Nov 10 11:00:19 UTC 2021","11616","","org.entando.kubernetes.controller.support.client.impl.DefaultCapabilityClientTest","","org.entando.kubernetes.controller.support.client.impl.DefaultCapabilityClientTest","shouldBuildACapabilityResult","shouldBuildACapabilityResult()","Should resolve a providedCapability by name and namespace"
"passed","Wed Nov 10 11:13:21 UTC 2021","Wed Nov 10 11:13:21 UTC 2021","7","","org.entando.kubernetes.controller.support.common.EntandoImageResolverTest","","org.entando.kubernetes.controller.support.common.EntandoImageResolverTest","testResolutionFromFallbackProperties","testResolutionFromFallbackProperties()",""
"passed","Wed Nov 10 11:13:21 UTC 2021","Wed Nov 10 11:13:21 UTC 2021","3","","org.entando.kubernetes.controller.support.common.EntandoImageResolverTest","","org.entando.kubernetes.controller.support.common.EntandoImageResolverTest","testResolutionFromOverridingPropertiesWhenThereIsAConfigMap","testResolutionFromOverridingPropertiesWhenThereIsAConfigMap()",""
"passed","Wed Nov 10 11:13:21 UTC 2021","Wed Nov 10 11:13:21 UTC 2021","5","","org.entando.kubernetes.controller.support.creators.ServiceAcountCreatorTest","","org.entando.kubernetes.controller.support.creators.ServiceAcountCreatorTest","testStandardClusterRoles","testStandardClusterRoles()",""
"passed","Wed Nov 10 11:11:54 UTC 2021","Wed Nov 10 11:11:59 UTC 2021","5507","","org.entando.kubernetes.controller.support.client.impl.DefaultServiceAccountClientTest","","org.entando.kubernetes.controller.support.client.impl.DefaultServiceAccountClientTest","shouldNotReplacePreviouslyCreatedRoleBinding","shouldNotReplacePreviouslyCreatedRoleBinding()",""
"passed","Wed Nov 10 11:13:28 UTC 2021","Wed Nov 10 11:13:28 UTC 2021","8","","org.entando.kubernetes.controller.spi.common.ExceptionUtilsTest","","org.entando.kubernetes.controller.spi.common.ExceptionUtilsTest","testWithDiagnostics","testWithDiagnostics()",""
"passed","Wed Nov 10 11:13:32 UTC 2021","Wed Nov 10 11:13:32 UTC 2021","136","","org.entando.kubernetes.controller.MinimalDeploymentTest","","org.entando.kubernetes.controller.MinimalDeploymentTest","minimalDeploymentWithEnvironmentVariables","minimalDeploymentWithEnvironmentVariables()","Should reflect both direct custom environment variables and environment variables referring to Secret keys"
"passed","Wed Nov 10 10:59:08 UTC 2021","Wed Nov 10 10:59:08 UTC 2021","614","","org.entando.kubernetes.controller.ExampleCapabilityTest","","org.entando.kubernetes.controller.ExampleCapabilityTest","shouldTranslateProvidedCapabilityToTestResource","shouldTranslateProvidedCapabilityToTestResource()","Should translate the ProvidedCapability received to a TestResource and deploy it"
"skipped","Wed Nov 10 10:59:01 UTC 2021","Wed Nov 10 10:59:01 UTC 2021","2","","org.entando.kubernetes.controller.PersistentDeploymentTest","","org.entando.kubernetes.controller.PersistentDeploymentTest","createPersistentVolumeClaimUsingDefaults","createPersistentVolumeClaimUsingDefaults()","Should create and mount PersistentVolumeClaims using defaults derived from the Entando Operator config properties"
"passed","Wed Nov 10 10:59:01 UTC 2021","Wed Nov 10 10:59:04 UTC 2021","3017","","org.entando.kubernetes.controller.PersistentDeploymentTest","","org.entando.kubernetes.controller.PersistentDeploymentTest","createPersistentVolumeClaimWithGivenConfigs","createPersistentVolumeClaimWithGivenConfigs()","Should create and mount PersistentVolumeClaims using the correct accessMode, storageClass and filesystem user/group overrides"
"passed","Wed Nov 10 11:13:34 UTC 2021","Wed Nov 10 11:13:34 UTC 2021","41","","org.entando.kubernetes.controller.AdvancedCapabilityProvisionTest","","org.entando.kubernetes.controller.AdvancedCapabilityProvisionTest","shouldFailWhenNoReferenceSpecifiedForSpecifiedCapability","shouldFailWhenNoReferenceSpecifiedForSpecifiedCapability()",""
"passed","Wed Nov 10 11:13:21 UTC 2021","Wed Nov 10 11:13:21 UTC 2021","3","","org.entando.kubernetes.controller.support.creators.ConfigurableResourceCalculatorTest","","org.entando.kubernetes.controller.support.creators.ConfigurableResourceCalculatorTest","calculateRequestsWithProvidedRatioNoOverride","calculateRequestsWithProvidedRatioNoOverride()",""
"passed","Wed Nov 10 11:13:35 UTC 2021","Wed Nov 10 11:13:35 UTC 2021","271","","org.entando.kubernetes.controller.AdvancedCapabilityProvisionTest","","org.entando.kubernetes.controller.AdvancedCapabilityProvisionTest","shouldFailWhenTheCapabilityStatusPhaseIsFailed","shouldFailWhenTheCapabilityStatusPhaseIsFailed()","The request for a new required Capability should fail if its deployment process ended with the 'FAILED' phase"
"passed","Wed Nov 10 11:00:31 UTC 2021","Wed Nov 10 11:00:41 UTC 2021","9507","","org.entando.kubernetes.controller.support.client.impl.DefaultPodClientTest","","org.entando.kubernetes.controller.support.client.impl.DefaultPodClientTest","shouldRemoveAndWait","shouldRemoveAndWait()",""
"passed","Wed Nov 10 11:13:21 UTC 2021","Wed Nov 10 11:13:21 UTC 2021","4","","org.entando.kubernetes.controller.spi.common.NameUtilsTest","","org.entando.kubernetes.controller.spi.common.NameUtilsTest","testShortenTo63Chars","testShortenTo63Chars()",""
"passed","Wed Nov 10 11:13:21 UTC 2021","Wed Nov 10 11:13:21 UTC 2021","3","","org.entando.kubernetes.controller.support.common.EntandoImageResolverTest","","org.entando.kubernetes.controller.support.common.EntandoImageResolverTest","testBug","testBug()",""
"passed","Wed Nov 10 11:13:21 UTC 2021","Wed Nov 10 11:13:21 UTC 2021","2","","org.entando.kubernetes.controller.support.common.EntandoImageResolverTest","","org.entando.kubernetes.controller.support.common.EntandoImageResolverTest","testResolutionFromAnnotations","testResolutionFromAnnotations()",""
"passed","Wed Nov 10 11:13:21 UTC 2021","Wed Nov 10 11:13:21 UTC 2021","13","","org.entando.kubernetes.controller.support.creators.ConfigurableResourceCalculatorTest","","org.entando.kubernetes.controller.support.creators.ConfigurableResourceCalculatorTest","calculateRequestsWithDefaultRatioButWithRequestAndLimitOverrides","calculateRequestsWithDefaultRatioButWithRequestAndLimitOverrides()",""
"passed","Wed Nov 10 11:13:21 UTC 2021","Wed Nov 10 11:13:21 UTC 2021","4","","org.entando.kubernetes.controller.support.creators.ConfigurableStorageCalculatorTest","","org.entando.kubernetes.controller.support.creators.ConfigurableStorageCalculatorTest","calculateRequestsWithDefaultRatioButWithALimitOverride","calculateRequestsWithDefaultRatioButWithALimitOverride()",""
"skipped","Wed Nov 10 11:01:34 UTC 2021","Wed Nov 10 11:01:34 UTC 2021","0","","org.entando.kubernetes.controller.support.client.impl.DefaultPodClientTest","","org.entando.kubernetes.controller.support.client.impl.DefaultPodClientTest","testProbes","testProbes()",""
"passed","Wed Nov 10 11:13:29 UTC 2021","Wed Nov 10 11:13:30 UTC 2021","825","","org.entando.kubernetes.controller.DatabaseConsumerTest","","org.entando.kubernetes.controller.DatabaseConsumerTest","dbawareDeploymentFailsWhenDatabasePreparationFailed","dbawareDeploymentFailsWhenDatabasePreparationFailed()","Should track failure when the database preparation Pod failed on the status of the EntandoCustomResource and NOT create a deployment"
"passed","Wed Nov 10 11:13:21 UTC 2021","Wed Nov 10 11:13:21 UTC 2021","1","","org.entando.kubernetes.controller.support.creators.StorageCalculatorTest","","org.entando.kubernetes.controller.support.creators.StorageCalculatorTest","calculateRequestsWithProvidedRatio","calculateRequestsWithProvidedRatio()",""
"passed","Wed Nov 10 11:13:21 UTC 2021","Wed Nov 10 11:13:21 UTC 2021","14","","org.entando.kubernetes.controller.support.common.EntandoImageResolverTest","","org.entando.kubernetes.controller.support.common.EntandoImageResolverTest","testResolutionFromDefaultPropertiesWhenThereIsAConfigMap","testResolutionFromDefaultPropertiesWhenThereIsAConfigMap()",""
"passed","Wed Nov 10 11:13:21 UTC 2021","Wed Nov 10 11:13:21 UTC 2021","3","","org.entando.kubernetes.controller.spi.result.ExposedServiceTest","","org.entando.kubernetes.controller.spi.result.ExposedServiceTest","testHttpsUrls","testHttpsUrls()",""
"passed","Wed Nov 10 11:13:21 UTC 2021","Wed Nov 10 11:13:21 UTC 2021","5","","org.entando.kubernetes.controller.support.common.EntandoOperatorConfigTest","","org.entando.kubernetes.controller.support.common.EntandoOperatorConfigTest","testIsClusterScope","testIsClusterScope()",""
"passed","Wed Nov 10 11:13:35 UTC 2021","Wed Nov 10 11:13:36 UTC 2021","320","","org.entando.kubernetes.controller.AdvancedCapabilityProvisionTest","","org.entando.kubernetes.controller.AdvancedCapabilityProvisionTest","shouldProvideDedicatedCapability","shouldProvideDedicatedCapability()","Should provide a Capability that is dedicated to the resource on whose behalf it was requested"
"passed","Wed Nov 10 10:59:07 UTC 2021","Wed Nov 10 10:59:07 UTC 2021","504","","org.entando.kubernetes.controller.ExampleExternalCapabilityTest","","org.entando.kubernetes.controller.ExampleExternalCapabilityTest","shouldLinkToExternalDatabaseServiceUsingItsIpAddress","shouldLinkToExternalDatabaseServiceUsingItsIpAddress()","Should link to external database service using its ip address"
"broken","Wed Nov 10 11:01:45 UTC 2021","Wed Nov 10 11:04:07 UTC 2021","141618","","org.entando.kubernetes.controller.support.client.impl.DefaultKeycloakClientTest","","org.entando.kubernetes.controller.support.client.impl.DefaultKeycloakClientTest","testPrepareClientWithPermissions","testPrepareClientWithPermissions()",""
"passed","Wed Nov 10 11:13:30 UTC 2021","Wed Nov 10 11:13:31 UTC 2021","1281","","org.entando.kubernetes.controller.MinimalDeploymentTest","","org.entando.kubernetes.controller.MinimalDeploymentTest","minimalDeploymentThatTimesOut","minimalDeploymentThatTimesOut()","Should track failures when the deployment of the EntandoCustomResource times out"
"passed","Wed Nov 10 11:13:21 UTC 2021","Wed Nov 10 11:13:21 UTC 2021","4","","org.entando.kubernetes.controller.support.common.EntandoImageResolverTest","","org.entando.kubernetes.controller.support.common.EntandoImageResolverTest","testResolutionFromCofigmapWithMultilevelOrganization","testResolutionFromCofigmapWithMultilevelOrganization()",""
"passed","Wed Nov 10 11:13:28 UTC 2021","Wed Nov 10 11:13:28 UTC 2021","546","","org.entando.kubernetes.controller.SsoConsumerTest","","org.entando.kubernetes.controller.SsoConsumerTest","requestSsoCapabilityOnDemandAndConnectToIt","requestSsoCapabilityOnDemandAndConnectToIt()","Should request a required SSO capability on-demand and connect to the service using the resulting SsoConnectionInfo "
"passed","Wed Nov 10 11:13:21 UTC 2021","Wed Nov 10 11:13:21 UTC 2021","1","","org.entando.kubernetes.controller.support.creators.ConfigurableStorageCalculatorTest","","org.entando.kubernetes.controller.support.creators.ConfigurableStorageCalculatorTest","calculateRequestsWithDefaultRatioAndNoOverride","calculateRequestsWithDefaultRatioAndNoOverride()",""
"passed","Wed Nov 10 11:13:32 UTC 2021","Wed Nov 10 11:13:33 UTC 2021","872","","org.entando.kubernetes.controller.AdvancedCapabilityProvisionTest","","org.entando.kubernetes.controller.AdvancedCapabilityProvisionTest","shouldUpdatePreviouslyCreatedCapabilityWithEssentialChanges","shouldUpdatePreviouslyCreatedCapabilityWithEssentialChanges()","Should update a previously created Capability in the same namespace with essential changes"
"passed","Wed Nov 10 11:13:21 UTC 2021","Wed Nov 10 11:13:21 UTC 2021","5","","org.entando.kubernetes.controller.support.common.EntandoOperatorConfigTest","","org.entando.kubernetes.controller.support.common.EntandoOperatorConfigTest","testAccessibleNamespaces","testAccessibleNamespaces()",""
"passed","Wed Nov 10 11:13:31 UTC 2021","Wed Nov 10 11:13:32 UTC 2021","209","","org.entando.kubernetes.controller.MinimalDeploymentTest","","org.entando.kubernetes.controller.MinimalDeploymentTest","absoluteMinimalDeployment","absoluteMinimalDeployment()","Should deploy successfully even if only the image and port are specified"
"passed","Wed Nov 10 11:13:21 UTC 2021","Wed Nov 10 11:13:21 UTC 2021","3","","org.entando.kubernetes.controller.support.common.EntandoImageResolverTest","","org.entando.kubernetes.controller.support.common.EntandoImageResolverTest","testResolutionFromCofigmapWithDifferentRepository","testResolutionFromCofigmapWithDifferentRepository()",""
"passed","Wed Nov 10 11:13:21 UTC 2021","Wed Nov 10 11:13:21 UTC 2021","4","","org.entando.kubernetes.controller.support.common.EntandoImageResolverTest","","org.entando.kubernetes.controller.support.common.EntandoImageResolverTest","testResolutionFromCofigmapWithOrganizationAwareRepositoryKeyAndPort","testResolutionFromCofigmapWithOrganizationAwareRepositoryKeyAndPort()",""
"passed","Wed Nov 10 10:59:04 UTC 2021","Wed Nov 10 10:59:06 UTC 2021","1989","","org.entando.kubernetes.controller.ExposedDeploymentTest","","org.entando.kubernetes.controller.ExposedDeploymentTest","exposeSecondPathOnHttpsServiceOverSpecifiedHostName","exposeSecondPathOnHttpsServiceOverSpecifiedHostName()","Should expose the path to a second service over HTTPS using the host name specified "
"passed","Wed Nov 10 11:13:21 UTC 2021","Wed Nov 10 11:13:21 UTC 2021","2","","org.entando.kubernetes.controller.spi.result.ExposedServiceTest","","org.entando.kubernetes.controller.spi.result.ExposedServiceTest","testUrlsOnDelegatingService","testUrlsOnDelegatingService()",""
"passed","Wed Nov 10 11:13:21 UTC 2021","Wed Nov 10 11:13:21 UTC 2021","1","","org.entando.kubernetes.controller.support.common.EntandoOperatorConfigTest","","org.entando.kubernetes.controller.support.common.EntandoOperatorConfigTest","testSecurityMode","testSecurityMode()",""
"passed","Wed Nov 10 11:13:21 UTC 2021","Wed Nov 10 11:13:21 UTC 2021","4","","org.entando.kubernetes.controller.support.common.EntandoImageResolverTest","","org.entando.kubernetes.controller.support.common.EntandoImageResolverTest","testResolutionFromCofigmapWithRepositoryKey","testResolutionFromCofigmapWithRepositoryKey()",""
"passed","Wed Nov 10 11:13:35 UTC 2021","Wed Nov 10 11:13:35 UTC 2021","274","","org.entando.kubernetes.controller.AdvancedCapabilityProvisionTest","","org.entando.kubernetes.controller.AdvancedCapabilityProvisionTest","shouldProvideClusterScopeCapability","shouldProvideClusterScopeCapability()","Should provide a MySQL DBMS capability at cluster scope"
"passed","Wed Nov 10 11:13:21 UTC 2021","Wed Nov 10 11:13:21 UTC 2021","3","","org.entando.kubernetes.controller.support.common.EntandoOperatorConfigTest","","org.entando.kubernetes.controller.support.common.EntandoOperatorConfigTest","testComplianceMode","testComplianceMode()",""
"passed","Wed Nov 10 11:13:34 UTC 2021","Wed Nov 10 11:13:34 UTC 2021","371","","org.entando.kubernetes.controller.AdvancedCapabilityProvisionTest","","org.entando.kubernetes.controller.AdvancedCapabilityProvisionTest","shouldProvideLabeledCapability","shouldProvideLabeledCapability()","Should provide a capability resolved at Cluster level using a Label Selector"
"passed","Wed Nov 10 11:13:33 UTC 2021","Wed Nov 10 11:13:34 UTC 2021","294","","org.entando.kubernetes.controller.AdvancedCapabilityProvisionTest","","org.entando.kubernetes.controller.AdvancedCapabilityProvisionTest","shouldFailWhenThereIsAScopeMismatch","shouldFailWhenThereIsAScopeMismatch()","Should fail when the a specified capability match but there is a scope mismatch"
"passed","Wed Nov 10 11:13:28 UTC 2021","Wed Nov 10 11:13:28 UTC 2021","4","","org.entando.kubernetes.controller.spi.database.DbmsDockerVendorStrategyTest","","org.entando.kubernetes.controller.spi.database.DbmsDockerVendorStrategyTest","testResolve","testResolve()",""
"passed","Wed Nov 10 11:13:21 UTC 2021","Wed Nov 10 11:13:21 UTC 2021","2","","org.entando.kubernetes.controller.support.creators.PersistentVolumeClaimCreatorTest","","org.entando.kubernetes.controller.support.creators.PersistentVolumeClaimCreatorTest","createPersistentVolumeClaimWithGarbageCollection","createPersistentVolumeClaimWithGarbageCollection()",""
"passed","Wed Nov 10 11:13:21 UTC 2021","Wed Nov 10 11:13:21 UTC 2021","1","","org.entando.kubernetes.controller.support.creators.ResourceCalculatorTest","","org.entando.kubernetes.controller.support.creators.ResourceCalculatorTest","calculateRequestsWithDefaultRatio","calculateRequestsWithDefaultRatio()",""
"broken","Wed Nov 10 10:59:10 UTC 2021","Wed Nov 10 10:59:22 UTC 2021","11745","","org.entando.kubernetes.controller.support.client.impl.DefaultCapabilityClientTest","","org.entando.kubernetes.controller.support.client.impl.DefaultCapabilityClientTest","shouldNotResolveProvidedCapabilityFromUninterestingNamespaces","shouldNotResolveProvidedCapabilityFromUninterestingNamespaces()","Should not resolve a ProvidedCapability at  Cluster scope by labels from namespaces I haven't registered interest in"
"passed","Wed Nov 10 10:59:09 UTC 2021","Wed Nov 10 10:59:10 UTC 2021","1259","","org.entando.kubernetes.controller.support.client.impl.DefaultPersistentVolumentClaimClientTest","","org.entando.kubernetes.controller.support.client.impl.DefaultPersistentVolumentClaimClientTest","shouldCreatePersistentVolumeClaimIfAbsent","shouldCreatePersistentVolumeClaimIfAbsent()",""
"broken","Wed Nov 10 11:13:21 UTC 2021","Wed Nov 10 11:13:21 UTC 2021","0","","org.entando.kubernetes.controller.spi.client.impl.DefaultKubernetesClientForControllersTest","","org.entando.kubernetes.controller.spi.client.impl.DefaultKubernetesClientForControllersTest","","DefaultKubernetesClientForControllersTest",""
"passed","Wed Nov 10 11:13:21 UTC 2021","Wed Nov 10 11:13:21 UTC 2021","64","","org.entando.kubernetes.controller.support.creators.DeploymentCreatorTest","","org.entando.kubernetes.controller.support.creators.DeploymentCreatorTest","shouldCreateDeploymentWithStartupProbeOnK8S16","shouldCreateDeploymentWithStartupProbeOnK8S16()",""
"passed","Wed Nov 10 10:59:07 UTC 2021","Wed Nov 10 10:59:08 UTC 2021","531","","org.entando.kubernetes.controller.ExampleExternalCapabilityTest","","org.entando.kubernetes.controller.ExampleExternalCapabilityTest","shouldLinkToExternalDatabaseService","shouldLinkToExternalDatabaseService()","Should link to external database service when all required fields are provided"
"passed","Wed Nov 10 11:13:21 UTC 2021","Wed Nov 10 11:13:21 UTC 2021","32","","org.entando.kubernetes.controller.support.creators.ServiceAcountCreatorTest","","org.entando.kubernetes.controller.support.creators.ServiceAcountCreatorTest","testImagePullSecrets","testImagePullSecrets()",""
"passed","Wed Nov 10 11:13:28 UTC 2021","Wed Nov 10 11:13:28 UTC 2021","1","","org.entando.kubernetes.controller.spi.database.DbmsVendorConfigTest","","org.entando.kubernetes.controller.spi.database.DbmsVendorConfigTest","testResolve","testResolve()",""
"broken","Wed Nov 10 11:12:04 UTC 2021","Wed Nov 10 11:12:10 UTC 2021","5425","","org.entando.kubernetes.controller.support.client.impl.DefaultIngressClientTest","","org.entando.kubernetes.controller.support.client.impl.DefaultIngressClientTest","shouldAddHttpPath","shouldAddHttpPath()",""
"passed","Wed Nov 10 11:13:21 UTC 2021","Wed Nov 10 11:13:21 UTC 2021","3","","org.entando.kubernetes.controller.support.common.EntandoImageResolverTest","","org.entando.kubernetes.controller.support.common.EntandoImageResolverTest","testResolutionFromRelatedImageProperty","[4] RELATED_IMAGE_TEST_ENTANDO_TEST_IMAGE",""
"passed","Wed Nov 10 11:13:21 UTC 2021","Wed Nov 10 11:13:21 UTC 2021","4","","org.entando.kubernetes.controller.support.common.EntandoImageResolverTest","","org.entando.kubernetes.controller.support.common.EntandoImageResolverTest","testResolutionFromCofigmapWithOrganizationAwareRepositoryKey","testResolutionFromCofigmapWithOrganizationAwareRepositoryKey()",""
"broken","Wed Nov 10 10:59:33 UTC 2021","Wed Nov 10 10:59:44 UTC 2021","11523","","org.entando.kubernetes.controller.support.client.impl.DefaultCapabilityClientTest","","org.entando.kubernetes.controller.support.client.impl.DefaultCapabilityClientTest","shouldResolveFromClusterByLabels","shouldResolveFromClusterByLabels()","Should resolve a ProvidedCapability at  Cluster scope by labels"
"passed","Wed Nov 10 11:11:30 UTC 2021","Wed Nov 10 11:11:42 UTC 2021","12138","","org.entando.kubernetes.controller.support.client.impl.DefaultDeploymentClientTest","","org.entando.kubernetes.controller.support.client.impl.DefaultDeploymentClientTest","shouldReflectChangesThatWerePatchedAfterInitialCreation","shouldReflectChangesThatWerePatchedAfterInitialCreation()",""
"passed","Wed Nov 10 11:13:21 UTC 2021","Wed Nov 10 11:13:21 UTC 2021","33","","org.entando.kubernetes.controller.support.creators.ConfigurableResourceCalculatorTest","","org.entando.kubernetes.controller.support.creators.ConfigurableResourceCalculatorTest","calculateRequestsWithDefaultRatioButWithALimitOverride","calculateRequestsWithDefaultRatioButWithALimitOverride()",""
"skipped","Wed Nov 10 10:59:32 UTC 2021","Wed Nov 10 10:59:32 UTC 2021","1","","org.entando.kubernetes.controller.support.client.impl.DefaultCapabilityClientTest","","org.entando.kubernetes.controller.support.client.impl.DefaultCapabilityClientTest","shouldNotResolveProvidedCapabilityFromInaccessibleNamespaces","shouldNotResolveProvidedCapabilityFromInaccessibleNamespaces()","Should not resolve a ProvidedCapability at  Cluster scope by labels from namespaces I don't have access to"
"passed","Wed Nov 10 11:13:28 UTC 2021","Wed Nov 10 11:13:28 UTC 2021","4","","org.entando.kubernetes.controller.spi.common.ExceptionUtilsTest","","org.entando.kubernetes.controller.spi.common.ExceptionUtilsTest","testIoSafe","testIoSafe()",""
"passed","Wed Nov 10 11:13:21 UTC 2021","Wed Nov 10 11:13:21 UTC 2021","9","","org.entando.kubernetes.controller.support.creators.SecretCreatorTest","","org.entando.kubernetes.controller.support.creators.SecretCreatorTest","testImagePullSecretPropagation","testImagePullSecretPropagation()",""
"broken","Wed Nov 10 10:59:56 UTC 2021","Wed Nov 10 11:00:08 UTC 2021","11881","","org.entando.kubernetes.controller.support.client.impl.DefaultCapabilityClientTest","","org.entando.kubernetes.controller.support.client.impl.DefaultCapabilityClientTest","shouldResolveFromNamespaceByLabels","shouldResolveFromNamespaceByLabels()","Should resolve a ProvidedCapability at  Namespace scope by labels"
"passed","Wed Nov 10 11:11:08 UTC 2021","Wed Nov 10 11:11:14 UTC 2021","6120","","org.entando.kubernetes.controller.support.client.impl.DefaultSecretClientTest","","org.entando.kubernetes.controller.support.client.impl.DefaultSecretClientTest","shouldCreateSecretIfAbsent","shouldCreateSecretIfAbsent()",""
"passed","Wed Nov 10 11:13:36 UTC 2021","Wed Nov 10 11:13:36 UTC 2021","56","","org.entando.kubernetes.controller.AdvancedCapabilityProvisionTest","","org.entando.kubernetes.controller.AdvancedCapabilityProvisionTest","shouldFailWhenNoLabelsProvidedForLabeledCapability","shouldFailWhenNoLabelsProvidedForLabeledCapability()","Should failed when a Labeled Capability was requested, but no Label Selector was provided"
"passed","Wed Nov 10 11:13:21 UTC 2021","Wed Nov 10 11:13:21 UTC 2021","8","","org.entando.kubernetes.controller.support.common.EntandoImageResolverTest","","org.entando.kubernetes.controller.support.common.EntandoImageResolverTest","testResolutionIgnoredForNonEntandoImages","testResolutionIgnoredForNonEntandoImages()",""
"passed","Wed Nov 10 11:13:21 UTC 2021","Wed Nov 10 11:13:21 UTC 2021","23","","org.entando.kubernetes.controller.support.creators.DeploymentCreatorTest","","org.entando.kubernetes.controller.support.creators.DeploymentCreatorTest","shouldCreateDeploymentWithTrueImposeResourceLimitsWillSetResourceLimitsOnCreatedDeployment","shouldCreateDeploymentWithTrueImposeResourceLimitsWillSetResourceLimitsOnCreatedDeployment()",""
"passed","Wed Nov 10 11:13:32 UTC 2021","Wed Nov 10 11:13:32 UTC 2021","207","","org.entando.kubernetes.controller.MinimalDeploymentTest","","org.entando.kubernetes.controller.MinimalDeploymentTest","minimalDeploymentWithoutResourceLimits","minimalDeploymentWithoutResourceLimits()","Should deploy successfully with resource limits disabled"
"passed","Wed Nov 10 11:13:35 UTC 2021","Wed Nov 10 11:13:35 UTC 2021","288","","org.entando.kubernetes.controller.AdvancedCapabilityProvisionTest","","org.entando.kubernetes.controller.AdvancedCapabilityProvisionTest","shouldProvideSpecifiedCapability","shouldProvideSpecifiedCapability()","Should provide a capability with the specified name and namespace when the CapabilityRequirement specifies a scope of 'SPECIFIED'"
"passed","Wed Nov 10 11:13:21 UTC 2021","Wed Nov 10 11:13:28 UTC 2021","6018","","org.entando.kubernetes.controller.spi.common.ExceptionUtilsTest","","org.entando.kubernetes.controller.spi.common.ExceptionUtilsTest","testRetry","testRetry()",""
"passed","Wed Nov 10 11:11:14 UTC 2021","Wed Nov 10 11:11:19 UTC 2021","5329","","org.entando.kubernetes.controller.support.client.impl.DefaultSecretClientTest","","org.entando.kubernetes.controller.support.client.impl.DefaultSecretClientTest","shouldOverwriteControllerSecret","shouldOverwriteControllerSecret()",""
"broken","Wed Nov 10 10:59:44 UTC 2021","Wed Nov 10 10:59:56 UTC 2021","11742","","org.entando.kubernetes.controller.support.client.impl.DefaultCapabilityClientTest","","org.entando.kubernetes.controller.support.client.impl.DefaultCapabilityClientTest","shouldResolveByNameAndNamespace","shouldResolveByNameAndNamespace()","Should resolve a providedCapability by name and namespace"
"passed","Wed Nov 10 11:13:21 UTC 2021","Wed Nov 10 11:13:21 UTC 2021","3","","org.entando.kubernetes.controller.support.creators.ConfigurableStorageCalculatorTest","","org.entando.kubernetes.controller.support.creators.ConfigurableStorageCalculatorTest","calculateRequestsWithProvidedRatioButWithALimitOverride","calculateRequestsWithProvidedRatioButWithALimitOverride()",""
"passed","Wed Nov 10 11:13:21 UTC 2021","Wed Nov 10 11:13:21 UTC 2021","2","","org.entando.kubernetes.controller.spi.common.NameUtilsTest","","org.entando.kubernetes.controller.spi.common.NameUtilsTest","testCamelCaseToDashDelimited","testCamelCaseToDashDelimited()",""
"passed","Wed Nov 10 11:13:21 UTC 2021","Wed Nov 10 11:13:21 UTC 2021","12","","org.entando.kubernetes.controller.support.creators.ResourceCalculatorTest","","org.entando.kubernetes.controller.support.creators.ResourceCalculatorTest","calculateRequestsWithProvidedRatio","calculateRequestsWithProvidedRatio()",""
"passed","Wed Nov 10 11:13:34 UTC 2021","Wed Nov 10 11:13:34 UTC 2021","45","","org.entando.kubernetes.controller.AdvancedCapabilityProvisionTest","","org.entando.kubernetes.controller.AdvancedCapabilityProvisionTest","shouldFailWhenTimingOut","shouldFailWhenTimingOut()","The request for a new required Capability should fail if times out"
"passed","Wed Nov 10 11:13:36 UTC 2021","Wed Nov 10 11:13:36 UTC 2021","284","","org.entando.kubernetes.controller.AdvancedCapabilityProvisionTest","","org.entando.kubernetes.controller.AdvancedCapabilityProvisionTest","shouldProvideDedicatedCapabilityWithIngress","shouldProvideDedicatedCapabilityWithIngress()","Capabilities could also have an Ingress to expose it to consumers outside of the cluster"
"passed","Wed Nov 10 11:13:21 UTC 2021","Wed Nov 10 11:13:21 UTC 2021","3","","org.entando.kubernetes.controller.support.creators.PersistentVolumeClaimCreatorTest","","org.entando.kubernetes.controller.support.creators.PersistentVolumeClaimCreatorTest","createPersistentVolumeClaimWithoutGarbageCollection","createPersistentVolumeClaimWithoutGarbageCollection()",""
"passed","Wed Nov 10 11:13:21 UTC 2021","Wed Nov 10 11:13:21 UTC 2021","9","","org.entando.kubernetes.controller.support.creators.ConfigurableResourceCalculatorTest","","org.entando.kubernetes.controller.support.creators.ConfigurableResourceCalculatorTest","calculateRequestsWithProvidedRatioButWithALimitOverride","calculateRequestsWithProvidedRatioButWithALimitOverride()",""
"broken","Wed Nov 10 11:00:19 UTC 2021","Wed Nov 10 11:00:31 UTC 2021","11788","","org.entando.kubernetes.controller.support.client.impl.DefaultCapabilityClientTest","","org.entando.kubernetes.controller.support.client.impl.DefaultCapabilityClientTest","shouldResolveProvidedCapabilityFromAccessibleNamespaces","shouldResolveProvidedCapabilityFromAccessibleNamespaces()","Should resolve a ProvidedCapability at Cluster scope by labels from namespaces I have access to"
"passed","Wed Nov 10 11:13:21 UTC 2021","Wed Nov 10 11:13:21 UTC 2021","3","","org.entando.kubernetes.controller.support.common.EntandoImageResolverTest","","org.entando.kubernetes.controller.support.common.EntandoImageResolverTest","testResolutionFromRelatedImageProperty","[2] RELATED_IMAGE_TEST_IMAGE",""
"passed","Wed Nov 10 11:12:51 UTC 2021","Wed Nov 10 11:13:09 UTC 2021","17485","","org.entando.kubernetes.controller.support.client.impl.DefaultServiceClientTest","","org.entando.kubernetes.controller.support.client.impl.DefaultServiceClientTest","shouldCreateOrReplaceEndpoints","shouldCreateOrReplaceEndpoints()","Should create or replace an existing Endpoints with the new value without generating duplicate exceptions"
"passed","Wed Nov 10 11:00:41 UTC 2021","Wed Nov 10 11:01:01 UTC 2021","20035","","org.entando.kubernetes.controller.support.client.impl.DefaultPodClientTest","","org.entando.kubernetes.controller.support.client.impl.DefaultPodClientTest","shouldWaitForPreviouslyStartedPod","shouldWaitForPreviouslyStartedPod()",""
"broken","Wed Nov 10 11:12:15 UTC 2021","Wed Nov 10 11:12:51 UTC 2021","35879","","org.entando.kubernetes.controller.support.client.impl.DefaultServiceClientTest","","org.entando.kubernetes.controller.support.client.impl.DefaultServiceClientTest","shouldCreateADelegateServiceAndEndpoints","shouldCreateADelegateServiceAndEndpoints()","Should create a delegate Service/Endpoints pair that delegate to a service in another namespace to be exposed on an Ingress in this namespace. (Required for Openshift)"
"passed","Wed Nov 10 11:13:31 UTC 2021","Wed Nov 10 11:13:31 UTC 2021","321","","org.entando.kubernetes.controller.MinimalDeploymentTest","","org.entando.kubernetes.controller.MinimalDeploymentTest","minimalDeploymentThatFailsToStartSuccessfully","minimalDeploymentThatFailsToStartSuccessfully()","Should track failed deployments on the status of the EntandoCustomResource"
"passed","Wed Nov 10 10:59:08 UTC 2021","Wed Nov 10 10:59:09 UTC 2021","280","","org.entando.kubernetes.controller.ExampleCapabilityTest","","org.entando.kubernetes.controller.ExampleCapabilityTest","shouldTranslateTestResourceToProvidedCapability","shouldTranslateTestResourceToProvidedCapability()","Should translate the TestResource to a  ProvidedCapability and deploy it"
"passed","Wed Nov 10 11:13:33 UTC 2021","Wed Nov 10 11:13:33 UTC 2021","336","","org.entando.kubernetes.controller.AdvancedCapabilityProvisionTest","","org.entando.kubernetes.controller.AdvancedCapabilityProvisionTest","shouldFailWhenThereIsAnImplementationMismatch","shouldFailWhenThereIsAnImplementationMismatch()","Should fail when a matching ProvidedCapability is found but there is an implementation mismatch"
"broken","Wed Nov 10 11:12:10 UTC 2021","Wed Nov 10 11:12:15 UTC 2021","5382","","org.entando.kubernetes.controller.support.client.impl.DefaultIngressClientTest","","org.entando.kubernetes.controller.support.client.impl.DefaultIngressClientTest","shouldRemovePathFromIngress","shouldRemovePathFromIngress()",""
"passed","Wed Nov 10 11:13:21 UTC 2021","Wed Nov 10 11:13:21 UTC 2021","2","","org.entando.kubernetes.controller.support.creators.ConfigurableStorageCalculatorTest","","org.entando.kubernetes.controller.support.creators.ConfigurableStorageCalculatorTest","calculateRequestsWithDefaultRatioButWithRequestAndLimitOverrides","calculateRequestsWithDefaultRatioButWithRequestAndLimitOverrides()",""
"passed","Wed Nov 10 11:13:21 UTC 2021","Wed Nov 10 11:13:21 UTC 2021","2","","org.entando.kubernetes.controller.support.creators.ConfigurableResourceCalculatorTest","","org.entando.kubernetes.controller.support.creators.ConfigurableResourceCalculatorTest","calculateRequestsWithDefaultRatioAndNoOverride","calculateRequestsWithDefaultRatioAndNoOverride()",""
"passed","Wed Nov 10 11:13:34 UTC 2021","Wed Nov 10 11:13:35 UTC 2021","257","","org.entando.kubernetes.controller.AdvancedCapabilityProvisionTest","","org.entando.kubernetes.controller.AdvancedCapabilityProvisionTest","shouldProvideNamespaceScopedCapability","shouldProvideNamespaceScopedCapability()","Should provide a Capability in the same namespace when it is share with others in the namespace"
"passed","Wed Nov 10 11:13:21 UTC 2021","Wed Nov 10 11:13:21 UTC 2021","3","","org.entando.kubernetes.controller.support.common.EntandoOperatorConfigTest","","org.entando.kubernetes.controller.support.common.EntandoOperatorConfigTest","testDeploymentType","testDeploymentType()",""
"passed","Wed Nov 10 11:13:21 UTC 2021","Wed Nov 10 11:13:21 UTC 2021","4","","org.entando.kubernetes.controller.spi.result.ExposedServiceTest","","org.entando.kubernetes.controller.spi.result.ExposedServiceTest","testUrlsOnMultiplePorts","testUrlsOnMultiplePorts()",""
"passed","Wed Nov 10 11:01:01 UTC 2021","Wed Nov 10 11:01:34 UTC 2021","33083","","org.entando.kubernetes.controller.support.client.impl.DefaultPodClientTest","","org.entando.kubernetes.controller.support.client.impl.DefaultPodClientTest","shouldRunPodToCompletion","shouldRunPodToCompletion()",""
"skipped","Wed Nov 10 11:12:04 UTC 2021","Wed Nov 10 11:12:04 UTC 2021","0","","org.entando.kubernetes.controller.support.client.impl.DefaultIngressClientTest","","org.entando.kubernetes.controller.support.client.impl.DefaultIngressClientTest","shouldRemainConsistentWithManyThreads","shouldRemainConsistentWithManyThreads()",""
"passed","Wed Nov 10 10:59:06 UTC 2021","Wed Nov 10 10:59:07 UTC 2021","618","","org.entando.kubernetes.controller.ExposedDeploymentTest","","org.entando.kubernetes.controller.ExposedDeploymentTest","exposeHttpsServiceOverSpecifiedHostName","exposeHttpsServiceOverSpecifiedHostName()","Should expose a service over HTTPS using the host name specified "
"passed","Wed Nov 10 11:13:20 UTC 2021","Wed Nov 10 11:13:21 UTC 2021","39","","org.entando.kubernetes.controller.support.creators.IngressCreatorTest","","org.entando.kubernetes.controller.support.creators.IngressCreatorTest","testEdit","testEdit()",""
"passed","Wed Nov 10 11:13:28 UTC 2021","Wed Nov 10 11:13:29 UTC 2021","676","","org.entando.kubernetes.controller.DatabaseConsumerTest","","org.entando.kubernetes.controller.DatabaseConsumerTest","requestDatabaseCapabilityOnDemandAndConnectToIt","requestDatabaseCapabilityOnDemandAndConnectToIt()","Should request a required database capability on-demand and connect to the service using the resulting DatabaseConnectionInfo "
"passed","Wed Nov 10 11:13:21 UTC 2021","Wed Nov 10 11:13:21 UTC 2021","2","","org.entando.kubernetes.controller.support.common.EntandoImageResolverTest","","org.entando.kubernetes.controller.support.common.EntandoImageResolverTest","testResolutionFromOverridingPropertiesWhenThereAreFallbackProperties","testResolutionFromOverridingPropertiesWhenThereAreFallbackProperties()",""
"passed","Wed Nov 10 11:13:21 UTC 2021","Wed Nov 10 11:13:21 UTC 2021","1","","org.entando.kubernetes.controller.support.creators.StorageCalculatorTest","","org.entando.kubernetes.controller.support.creators.StorageCalculatorTest","calculateRequestsWithDefaultRatio","calculateRequestsWithDefaultRatio()",""
"passed","Wed Nov 10 11:13:21 UTC 2021","Wed Nov 10 11:13:21 UTC 2021","3","","org.entando.kubernetes.controller.support.common.EntandoImageResolverTest","","org.entando.kubernetes.controller.support.common.EntandoImageResolverTest","testVersionResolutionWithProvidedValue","testVersionResolutionWithProvidedValue()",""
"passed","Wed Nov 10 11:13:21 UTC 2021","Wed Nov 10 11:13:21 UTC 2021","1","","org.entando.kubernetes.controller.spi.common.NameUtilsTest","","org.entando.kubernetes.controller.spi.common.NameUtilsTest","testControllerNameOf","testControllerNameOf()",""
"passed","Wed Nov 10 11:11:42 UTC 2021","Wed Nov 10 11:11:54 UTC 2021","11423","","org.entando.kubernetes.controller.support.client.impl.DefaultServiceAccountClientTest","","org.entando.kubernetes.controller.support.client.impl.DefaultServiceAccountClientTest","shouldNotReplacePreviouslyCreatedRole","shouldNotReplacePreviouslyCreatedRole()",""
"passed","Wed Nov 10 11:11:19 UTC 2021","Wed Nov 10 11:11:24 UTC 2021","5403","","org.entando.kubernetes.controller.support.client.impl.DefaultSecretClientTest","","org.entando.kubernetes.controller.support.client.impl.DefaultSecretClientTest","shouldCreateConfigMapIfAbsent","shouldCreateConfigMapIfAbsent()",""
"passed","Wed Nov 10 11:13:21 UTC 2021","Wed Nov 10 11:13:21 UTC 2021","3","","org.entando.kubernetes.controller.support.common.EntandoImageResolverTest","","org.entando.kubernetes.controller.support.common.EntandoImageResolverTest","testInvalidImageUris","[2] registry.hub.docker.com:50/library/mysql:5:3",""
"passed","Wed Nov 10 11:13:21 UTC 2021","Wed Nov 10 11:13:21 UTC 2021","40","","org.entando.kubernetes.controller.support.creators.DeploymentCreatorTest","","org.entando.kubernetes.controller.support.creators.DeploymentCreatorTest","shouldCreateDeploymentWithoutStartupProbeOnK8S15","shouldCreateDeploymentWithoutStartupProbeOnK8S15()",""
"passed","Wed Nov 10 11:13:21 UTC 2021","Wed Nov 10 11:13:21 UTC 2021","3","","org.entando.kubernetes.controller.spi.result.ExposedServiceTest","","org.entando.kubernetes.controller.spi.result.ExposedServiceTest","testExternalHttpsProvider","testExternalHttpsProvider()",""
"passed","Wed Nov 10 11:13:21 UTC 2021","Wed Nov 10 11:13:21 UTC 2021","9","","org.entando.kubernetes.controller.spi.result.ExposedServiceTest","","org.entando.kubernetes.controller.spi.result.ExposedServiceTest","testUrlsOnSinglePorts","testUrlsOnSinglePorts()",""
"broken","Wed Nov 10 11:04:07 UTC 2021","Wed Nov 10 11:06:27 UTC 2021","140305","","org.entando.kubernetes.controller.support.client.impl.DefaultKeycloakClientTest","","org.entando.kubernetes.controller.support.client.impl.DefaultKeycloakClientTest","testAssignRoleToServiceAccount","testAssignRoleToServiceAccount()",""
"passed","Wed Nov 10 11:13:21 UTC 2021","Wed Nov 10 11:13:21 UTC 2021","36","","org.entando.kubernetes.controller.support.creators.ServiceAcountCreatorTest","","org.entando.kubernetes.controller.support.creators.ServiceAcountCreatorTest","testCustomPermissions","testCustomPermissions()",""
"passed","Wed Nov 10 11:01:34 UTC 2021","Wed Nov 10 11:01:45 UTC 2021","11159","","org.entando.kubernetes.controller.support.client.impl.DefaultPodClientTest","","org.entando.kubernetes.controller.support.client.impl.DefaultPodClientTest","shouldRemoveSuccessfullyCompletedPods","shouldRemoveSuccessfullyCompletedPods()",""
"passed","Wed Nov 10 11:13:21 UTC 2021","Wed Nov 10 11:13:21 UTC 2021","10","","org.entando.kubernetes.controller.support.common.EntandoImageResolverTest","","org.entando.kubernetes.controller.support.common.EntandoImageResolverTest","testInvalidImageUris","[1] registry.hub.docker.com:50:50/library/mysql",""
"passed","Wed Nov 10 11:13:21 UTC 2021","Wed Nov 10 11:13:21 UTC 2021","1","","org.entando.kubernetes.controller.support.creators.ConfigurableStorageCalculatorTest","","org.entando.kubernetes.controller.support.creators.ConfigurableStorageCalculatorTest","calculateRequestsWithProvidedRatioNoOverride","calculateRequestsWithProvidedRatioNoOverride()",""
"passed","Wed Nov 10 11:13:09 UTC 2021","Wed Nov 10 11:13:20 UTC 2021","11713","","org.entando.kubernetes.controller.support.client.impl.DefaultServiceClientTest","","org.entando.kubernetes.controller.support.client.impl.DefaultServiceClientTest","shouldCreateOrReplaceService","shouldCreateOrReplaceService()","Should create or replace an existing Service with the new value without generating duplicate exceptions"
"broken","Wed Nov 10 10:59:22 UTC 2021","Wed Nov 10 10:59:32 UTC 2021","10737","","org.entando.kubernetes.controller.support.client.impl.DefaultCapabilityClientTest","","org.entando.kubernetes.controller.support.client.impl.DefaultCapabilityClientTest","shouldCreateAProvidedCapabilityAndWaitForItsStatusToEnterACompletionPhase","shouldCreateAProvidedCapabilityAndWaitForItsStatusToEnterACompletionPhase()","Should create a providedCapability and wait for its status to enter a complectionPhase"
"broken","Wed Nov 10 11:06:27 UTC 2021","Wed Nov 10 11:08:47 UTC 2021","140338","","org.entando.kubernetes.controller.support.client.impl.DefaultKeycloakClientTest","","org.entando.kubernetes.controller.support.client.impl.DefaultKeycloakClientTest","testCreatePublicClient","testCreatePublicClient()",""
"broken","Wed Nov 10 11:08:47 UTC 2021","Wed Nov 10 11:11:08 UTC 2021","140266","","org.entando.kubernetes.controller.support.client.impl.DefaultKeycloakClientTest","","org.entando.kubernetes.controller.support.client.impl.DefaultKeycloakClientTest","testCreatePublicClientTwice","testCreatePublicClientTwice()",""
"passed","Wed Nov 10 11:13:21 UTC 2021","Wed Nov 10 11:13:21 UTC 2021","22","","org.entando.kubernetes.controller.support.creators.DeploymentCreatorTest","","org.entando.kubernetes.controller.support.creators.DeploymentCreatorTest","shouldCreateDeploymentWithFalseImposeResourceLimitsWillNotSetResourceLimitsOnCreatedDeployment","shouldCreateDeploymentWithFalseImposeResourceLimitsWillNotSetResourceLimitsOnCreatedDeployment()",""
